row_id,target
0-4,0.0016680852
0-32,0.0039516683
0-34,0.0039516683
